"Date","Price","Open","High","Low","Change %"
"Oct 28, 2024","157.793","157.793","157.793","157.793","0.15%"
"Oct 25, 2024","157.553","157.553","157.553","157.553","0.45%"
"Oct 24, 2024","156.842","156.842","156.842","156.842","-0.40%"
"Oct 23, 2024","157.471","157.471","157.471","157.471","-1.03%"
"Oct 22, 2024","159.115","159.115","159.115","159.115","0.25%"
"Oct 21, 2024","158.721","158.721","158.721","158.721","0.10%"
"Oct 18, 2024","158.570","158.570","158.570","158.570","0.66%"
"Oct 17, 2024","157.531","157.531","157.531","157.531","0.15%"
"Oct 16, 2024","157.296","157.296","157.296","157.296","0.19%"
"Oct 15, 2024","156.994","156.994","156.994","156.994","-0.85%"
"Oct 14, 2024","158.336","158.336","158.336","158.336","0.88%"
"Oct 11, 2024","156.959","156.959","156.959","156.959","0.40%"
"Oct 10, 2024","156.335","156.335","156.335","156.335","-0.01%"
"Oct 09, 2024","156.355","156.355","156.355","156.355","0.62%"
"Oct 08, 2024","155.385","155.385","155.385","155.385","0.02%"
"Oct 07, 2024","155.350","155.350","155.350","155.350","-0.71%"
"Oct 04, 2024","156.453","156.453","156.453","156.453","1.30%"
"Oct 03, 2024","154.452","154.452","154.452","154.452","-0.38%"
"Oct 02, 2024","155.041","155.041","155.041","155.041","0.43%"
"Oct 01, 2024","154.381","154.381","154.381","154.381","-0.49%"
"Sep 30, 2024","155.146","155.146","155.146","155.146","-0.22%"
"Sep 27, 2024","155.487","155.487","155.487","155.487","0.18%"
"Sep 26, 2024","155.208","155.208","155.208","155.208","1.90%"
"Sep 25, 2024","152.320","152.320","152.320","152.320","0.17%"
"Sep 24, 2024","152.058","152.058","152.058","152.058","0.43%"
"Sep 23, 2024","151.400","151.400","151.400","151.400","0.60%"
"Sep 20, 2024","150.503","150.503","150.503","150.503","-0.53%"
"Sep 19, 2024","151.303","151.303","151.303","151.303","1.58%"
"Sep 18, 2024","148.943","148.943","148.943","148.943","-0.59%"
"Sep 17, 2024","149.831","149.831","149.831","149.831","0.69%"
"Sep 16, 2024","148.806","148.806","148.806","148.806","-0.37%"
"Sep 13, 2024","149.363","149.363","149.363","149.363","0.06%"
"Sep 12, 2024","149.268","149.268","149.268","149.268","0.32%"
"Sep 11, 2024","148.789","148.789","148.789","148.789","1.31%"
"Sep 10, 2024","146.859","146.859","146.859","146.859","0.62%"
"Sep 09, 2024","145.951","145.951","145.951","145.951","1.27%"
"Sep 06, 2024","144.122","144.122","144.122","144.122","-1.27%"
"Sep 05, 2024","145.980","145.980","145.980","145.980","-0.53%"
"Sep 04, 2024","146.755","146.755","146.755","146.755","-0.84%"
"Sep 03, 2024","148.003","148.003","148.003","148.003","-1.69%"
"Sep 02, 2024","150.545","150.545","150.545","150.545","-0.32%"
"Aug 30, 2024","151.022","151.022","151.022","151.022","0.99%"
"Aug 29, 2024","149.547","149.547","149.547","149.547","0.46%"
"Aug 28, 2024","148.864","148.864","148.864","148.864","-0.46%"
"Aug 27, 2024","149.552","149.552","149.552","149.552","0.31%"
"Aug 26, 2024","149.084","149.084","149.084","149.084","-0.22%"
"Aug 23, 2024","149.419","149.419","149.419","149.419","0.44%"
"Aug 22, 2024","148.765","148.765","148.765","148.765","-0.61%"
"Aug 21, 2024","149.686","149.686","149.686","149.686","0.37%"
"Aug 20, 2024","149.127","149.127","149.127","149.127","-0.54%"
"Aug 19, 2024","149.936","149.936","149.936","149.936","0.75%"
"Aug 16, 2024","148.818","148.818","148.818","148.818","-0.00%"
"Aug 15, 2024","148.820","148.820","148.820","148.820","2.30%"
"Aug 14, 2024","145.480","145.480","145.480","145.480","-0.27%"
"Aug 13, 2024","145.876","145.876","145.876","145.876","1.11%"
"Aug 12, 2024","144.272","144.272","144.272","144.272","-0.10%"
"Aug 09, 2024","144.414","144.414","144.414","144.414","0.53%"
"Aug 08, 2024","143.650","143.650","143.650","143.650","2.21%"
"Aug 07, 2024","140.543","140.543","140.543","140.543","-0.33%"
"Aug 06, 2024","141.012","141.012","141.012","141.012","0.92%"
"Aug 05, 2024","139.732","139.732","139.732","139.732","-2.77%"
"Aug 02, 2024","143.716","143.716","143.716","143.716","-3.22%"
"Aug 01, 2024","148.495","148.495","148.495","148.495","-1.00%"
"Jul 31, 2024","150.000","150.000","150.000","150.000","1.46%"
"Jul 30, 2024","147.835","147.835","147.835","147.835","-0.56%"
"Jul 29, 2024","148.668","148.668","148.668","148.668","0.47%"
"Jul 26, 2024","147.967","147.967","147.967","147.967","1.28%"
"Jul 25, 2024","146.097","146.097","146.097","146.097","-1.02%"
"Jul 24, 2024","147.601","147.601","147.601","147.601","-2.41%"
"Jul 23, 2024","151.249","151.249","151.249","151.249","0.00%"
"Jul 22, 2024","151.249","151.249","151.249","151.249","0.75%"
"Jul 19, 2024","150.127","150.127","150.127","150.127","-0.43%"
"Jul 18, 2024","150.769","150.769","150.769","150.769","-0.67%"
"Jul 17, 2024","151.779","151.779","151.779","151.779","-1.83%"
"Jul 16, 2024","154.607","154.607","154.607","154.607","-0.07%"
"Jul 15, 2024","154.723","154.723","154.723","154.723","-0.31%"
"Jul 12, 2024","155.197","155.197","155.197","155.197","0.46%"
"Jul 11, 2024","154.485","154.485","154.485","154.485","-0.93%"
"Jul 10, 2024","155.941","155.941","155.941","155.941","0.52%"
"Jul 09, 2024","155.141","155.141","155.141","155.141","-0.21%"
"Jul 08, 2024","155.470","155.470","155.470","155.470","-0.24%"
"Jul 05, 2024","155.841","155.841","155.841","155.841","0.40%"
"Jul 04, 2024","155.226","155.226","155.226","155.226","-0.15%"
"Jul 03, 2024","155.452","155.452","155.452","155.452","0.51%"
"Jul 02, 2024","154.670","154.670","154.670","154.670","0.13%"
"Jul 01, 2024","154.473","154.473","154.473","154.473","-0.22%"
"Jun 28, 2024","154.822","154.822","154.822","154.822","-1.19%"
"Jun 27, 2024","156.689","156.689","156.689","156.689","-0.31%"
"Jun 26, 2024","157.181","157.181","157.181","157.181","0.21%"
"Jun 25, 2024","156.851","156.851","156.851","156.851","-0.19%"
"Jun 24, 2024","157.144","157.144","157.144","157.144","0.23%"
"Jun 20, 2024","156.791","156.791","156.791","156.791","0.22%"
"Jun 19, 2024","156.445","156.445","156.445","156.445","-0.13%"
"Jun 18, 2024","156.647","156.647","156.647","156.647","0.20%"
"Jun 17, 2024","156.339","156.339","156.339","156.339","0.24%"
"Jun 14, 2024","155.971","155.971","155.971","155.971","0.59%"
"Jun 13, 2024","155.060","155.060","155.060","155.060","0.11%"
"Jun 12, 2024","154.892","154.892","154.892","154.892","0.30%"
"Jun 11, 2024","154.433","154.433","154.433","154.433","-0.18%"
"Jun 10, 2024","154.706","154.706","154.706","154.706","0.32%"
"Jun 07, 2024","154.214","154.214","154.214","154.214","0.23%"
"Jun 06, 2024","153.866","153.866","153.866","153.866","0.19%"
"Jun 05, 2024","153.577","153.577","153.577","153.577","1.50%"
"Jun 04, 2024","151.303","151.303","151.303","151.303","0.59%"
"Jun 03, 2024","150.413","150.413","150.413","150.413","0.19%"
"May 31, 2024","150.124","150.124","150.124","150.124","0.04%"
"May 30, 2024","150.067","150.067","150.067","150.067","-1.57%"
"May 29, 2024","152.461","152.461","152.461","152.461","-0.39%"
"May 28, 2024","153.065","153.065","153.065","153.065","0.14%"
"May 27, 2024","152.856","152.856","152.856","152.856","-0.01%"
"May 24, 2024","152.873","152.873","152.873","152.873","0.15%"
"May 23, 2024","152.640","152.640","152.640","152.640","-0.40%"
"May 22, 2024","153.249","153.249","153.249","153.249","-0.05%"
"May 21, 2024","153.318","153.318","153.318","153.318","-0.12%"
"May 20, 2024","153.503","153.503","153.503","153.503","0.20%"
"May 17, 2024","153.198","153.198","153.198","153.198","-0.01%"
"May 16, 2024","153.208","153.208","153.208","153.208","-0.05%"
"May 15, 2024","153.282","153.282","153.282","153.282","0.72%"
"May 14, 2024","152.192","152.192","152.192","152.192","0.34%"
"May 13, 2024","151.676","151.676","151.676","151.676","0.05%"
"May 10, 2024","151.593","151.593","151.593","151.593","0.30%"
"May 09, 2024","151.144","151.144","151.144","151.144","0.14%"
"May 08, 2024","150.937","150.937","150.937","150.937","-0.21%"
"May 07, 2024","151.250","151.250","151.250","151.250","-0.31%"
"May 06, 2024","151.716","151.716","151.716","151.716","0.77%"
"May 03, 2024","150.563","150.563","150.563","150.563","0.70%"
"May 02, 2024","149.519","149.519","149.519","149.519","1.73%"
"May 01, 2024","146.976","146.976","146.976","146.976","-0.73%"
"Apr 30, 2024","148.049","148.049","148.049","148.049","-1.32%"
"Apr 29, 2024","150.032","150.032","150.032","150.032","-0.62%"
"Apr 26, 2024","150.962","150.962","150.962","150.962","2.48%"
"Apr 25, 2024","147.303","147.303","147.303","147.303","-1.13%"
"Apr 24, 2024","148.984","148.984","148.984","148.984","-0.14%"
"Apr 23, 2024","149.196","149.196","149.196","149.196","1.47%"
"Apr 22, 2024","147.028","147.028","147.028","147.028","1.14%"
"Apr 19, 2024","145.373","145.373","145.373","145.373","-1.19%"
"Apr 18, 2024","147.125","147.125","147.125","147.125","0.03%"
"Apr 17, 2024","147.081","147.081","147.081","147.081","-0.56%"
"Apr 16, 2024","147.915","147.915","147.915","147.915","-0.15%"
"Apr 15, 2024","148.141","148.141","148.141","148.141","-0.96%"
"Apr 12, 2024","149.572","149.572","149.572","149.572","-1.06%"
"Apr 11, 2024","151.181","151.181","151.181","151.181","0.79%"
"Apr 10, 2024","150.001","150.001","150.001","150.001","0.25%"
"Apr 09, 2024","149.630","149.630","149.630","149.630","0.16%"
"Apr 08, 2024","149.385","149.385","149.385","149.385","0.06%"
"Apr 05, 2024","149.292","149.292","149.292","149.292","0.81%"
"Apr 04, 2024","148.086","148.086","148.086","148.086","-1.43%"
"Apr 03, 2024","150.227","150.227","150.227","150.227","-0.51%"
"Apr 02, 2024","150.994","150.994","150.994","150.994","-0.97%"
"Apr 01, 2024","152.479","152.479","152.479","152.479","0.41%"
"Mar 28, 2024","151.849","151.849","151.849","151.849","0.59%"
"Mar 27, 2024","150.964","150.964","150.964","150.964","0.54%"
"Mar 26, 2024","150.155","150.155","150.155","150.155","0.06%"
"Mar 25, 2024","150.062","150.062","150.062","150.062","-0.44%"
"Mar 22, 2024","150.724","150.724","150.724","150.724","0.18%"
"Mar 21, 2024","150.452","150.452","150.452","150.452","0.74%"
"Mar 20, 2024","149.345","149.345","149.345","149.345","0.17%"
"Mar 19, 2024","149.096","149.096","149.096","149.096","0.54%"
"Mar 18, 2024","148.294","148.294","148.294","148.294","0.87%"
"Mar 15, 2024","147.018","147.018","147.018","147.018","-1.50%"
"Mar 14, 2024","149.255","149.255","149.255","149.255","0.51%"
"Mar 13, 2024","148.499","148.499","148.499","148.499","0.17%"
"Mar 12, 2024","148.251","148.251","148.251","148.251","1.34%"
"Mar 11, 2024","146.287","146.287","146.287","146.287","0.15%"
"Mar 08, 2024","146.067","146.067","146.067","146.067","-0.36%"
"Mar 07, 2024","146.595","146.595","146.595","146.595","0.88%"
"Mar 06, 2024","145.320","145.320","145.320","145.320","0.20%"
"Mar 05, 2024","145.035","145.035","145.035","145.035","-1.29%"
"Mar 04, 2024","146.931","146.931","146.931","146.931","-0.46%"
"Mar 01, 2024","147.609","147.609","147.609","147.609","0.56%"
"Feb 29, 2024","146.790","146.790","146.790","146.790","0.76%"
"Feb 28, 2024","145.675","145.675","145.675","145.675","-0.45%"
"Feb 27, 2024","146.337","146.337","146.337","146.337","0.21%"
"Feb 26, 2024","146.034","146.034","146.034","146.034","-0.66%"
"Feb 23, 2024","147.010","147.010","147.010","147.010","-0.07%"
"Feb 22, 2024","147.109","147.109","147.109","147.109","2.32%"
"Feb 21, 2024","143.777","143.777","143.777","143.777","0.30%"
"Feb 20, 2024","143.350","143.350","143.350","143.350","-1.05%"
"Feb 19, 2024","144.872","144.872","144.872","144.872","0.07%"
"Feb 16, 2024","144.769","144.769","144.769","144.769","-0.83%"
"Feb 15, 2024","145.980","145.980","145.980","145.980","-0.31%"
"Feb 14, 2024","146.438","146.438","146.438","146.438","0.90%"
"Feb 13, 2024","145.139","145.139","145.139","145.139","-0.92%"
"Feb 12, 2024","146.492","146.492","146.492","146.492","0.03%"
"Feb 09, 2024","146.454","146.454","146.454","146.454","0.57%"
"Feb 08, 2024","145.627","145.627","145.627","145.627","0.47%"
"Feb 07, 2024","144.945","144.945","144.945","144.945","0.22%"
"Feb 06, 2024","144.631","144.631","144.631","144.631","0.19%"
"Feb 05, 2024","144.360","144.360","144.360","144.360","0.98%"
"Feb 02, 2024","142.965","142.965","142.965","142.965","1.71%"
"Feb 01, 2024","140.556","140.556","140.556","140.556","0.54%"
"Jan 31, 2024","139.803","139.803","139.803","139.803","-1.49%"
"Jan 30, 2024","141.913","141.913","141.913","141.913","-0.31%"
"Jan 29, 2024","142.352","142.352","142.352","142.352","1.26%"
"Jan 26, 2024","140.586","140.586","140.586","140.586","0.72%"
"Jan 25, 2024","139.575","139.575","139.575","139.575","1.19%"
"Jan 24, 2024","137.930","137.930","137.930","137.930","0.18%"
"Jan 23, 2024","137.685","137.685","137.685","137.685","0.51%"
"Jan 22, 2024","136.986","136.986","136.986","136.986","0.09%"
"Jan 19, 2024","136.867","136.867","136.867","136.867","1.08%"
"Jan 18, 2024","135.400","135.400","135.400","135.400","1.15%"
"Jan 17, 2024","133.865","133.865","133.865","133.865","-0.88%"
"Jan 16, 2024","135.047","135.047","135.047","135.047","0.10%"
"Jan 15, 2024","134.916","134.916","134.916","134.916","-0.06%"
"Jan 12, 2024","134.995","134.995","134.995","134.995","-0.02%"
"Jan 11, 2024","135.028","135.028","135.028","135.028","0.39%"
"Jan 10, 2024","134.510","134.510","134.510","134.510","0.67%"
"Jan 09, 2024","133.619","133.619","133.619","133.619","0.35%"
"Jan 08, 2024","133.153","133.153","133.153","133.153","1.69%"
"Jan 05, 2024","130.935","130.935","130.935","130.935","-0.16%"
"Jan 04, 2024","131.142","131.142","131.142","131.142","-0.65%"
"Jan 03, 2024","131.996","131.996","131.996","131.996","-1.15%"
"Jan 02, 2024","133.531","133.531","133.531","133.531","-0.53%"
"Dec 29, 2023","134.238","134.238","134.238","134.238","-0.05%"
"Dec 28, 2023","134.307","134.307","134.307","134.307","0.52%"
"Dec 27, 2023","133.618","133.618","133.618","133.618","-0.67%"
"Dec 26, 2023","134.525","134.525","134.525","134.525","0.14%"
"Dec 22, 2023","134.332","134.332","134.332","134.332","-0.06%"
"Dec 21, 2023","134.415","134.415","134.415","134.415","0.75%"
"Dec 20, 2023","133.419","133.419","133.419","133.419","-0.74%"
"Dec 19, 2023","134.411","134.411","134.411","134.411","0.37%"
"Dec 18, 2023","133.918","133.918","133.918","133.918","0.39%"
"Dec 15, 2023","133.401","133.401","133.401","133.401","0.90%"
"Dec 14, 2023","132.207","132.207","132.207","132.207","-1.06%"
"Dec 13, 2023","133.623","133.623","133.623","133.623","0.30%"
"Dec 12, 2023","133.219","133.219","133.219","133.219","0.47%"
"Dec 11, 2023","132.595","132.595","132.595","132.595","0.25%"
"Dec 08, 2023","132.267","132.267","132.267","132.267","0.48%"
"Dec 07, 2023","131.639","131.639","131.639","131.639","0.85%"
"Dec 06, 2023","130.524","130.524","130.524","130.524","0.07%"
"Dec 05, 2023","130.428","130.428","130.428","130.428","0.41%"
"Dec 04, 2023","129.902","129.902","129.902","129.902","0.57%"
"Nov 23, 2023","129.162","129.162","129.162","129.162","-0.19%"
"Nov 22, 2023","129.406","129.406","129.406","129.406","0.80%"
"Nov 21, 2023","128.380","128.380","128.380","128.380","0.11%"
"Nov 20, 2023","128.241","128.241","128.241","128.241","0.93%"
"Nov 17, 2023","127.063","127.063","127.063","127.063","-0.46%"
"Nov 16, 2023","127.650","127.650","127.650","127.650","0.05%"
"Nov 15, 2023","127.589","127.589","127.589","127.589","0.78%"
"Nov 14, 2023","126.604","126.604","126.604","126.604","0.86%"
"Nov 13, 2023","125.521","125.521","125.521","125.521","0.09%"
"Nov 10, 2023","125.407","125.407","125.407","125.407","0.87%"
"Nov 09, 2023","124.325","124.325","124.325","124.325","0.09%"
"Nov 08, 2023","124.214","124.214","124.214","124.214","0.22%"
"Nov 07, 2023","123.941","123.941","123.941","123.941","1.01%"
"Nov 06, 2023","122.701","122.701","122.701","122.701","0.42%"
"Nov 03, 2023","122.189","122.189","122.189","122.189","0.49%"
"Nov 02, 2023","121.597","121.597","121.597","121.597","2.43%"
"Nov 01, 2023","118.714","118.714","118.714","118.714","0.00%"
"Oct 31, 2023","118.714","118.714","118.714","118.714","0.75%"
"Oct 30, 2023","117.825","117.825","117.825","117.825","1.17%"
"Oct 27, 2023","116.458","116.458","116.458","116.458","0.00%"
"Oct 26, 2023","116.457","116.457","116.457","116.457","-1.79%"
"Oct 25, 2023","118.577","118.577","118.577","118.577","-2.32%"
"Oct 24, 2023","121.397","121.397","121.397","121.397","1.48%"
"Oct 23, 2023","119.625","119.625","119.625","119.625","-0.11%"
"Oct 20, 2023","119.760","119.760","119.760","119.760","-1.51%"
"Oct 19, 2023","121.599","121.599","121.599","121.599","-0.88%"
"Oct 18, 2023","122.676","122.676","122.676","122.676","-1.18%"
"Oct 17, 2023","124.141","124.141","124.141","124.141","0.05%"
"Oct 16, 2023","124.075","124.075","124.075","124.075","0.63%"
"Oct 13, 2023","123.295","123.295","123.295","123.295","-1.06%"
"Oct 12, 2023","124.620","124.620","124.620","124.620","-0.20%"
"Oct 11, 2023","124.866","124.866","124.866","124.866","-0.41%"
"Oct 10, 2023","125.385","125.385","125.385","125.385","0.78%"
"Oct 09, 2023","124.416","124.416","124.416","124.416","-0.05%"
"Oct 06, 2023","124.480","124.480","124.480","124.480","1.36%"
"Oct 05, 2023","122.813","122.813","122.813","122.813","-0.32%"
"Oct 04, 2023","123.211","123.211","123.211","123.211","0.63%"
"Oct 03, 2023","122.440","122.440","122.440","122.440","-1.56%"
"Oct 02, 2023","124.376","124.376","124.376","124.376","1.02%"
"Sep 29, 2023","123.115","123.115","123.115","123.115","-0.07%"
"Sep 28, 2023","123.204","123.204","123.204","123.204","0.58%"
"Sep 27, 2023","122.496","122.496","122.496","122.496","0.62%"
"Sep 26, 2023","121.747","121.747","121.747","121.747","-1.41%"
"Sep 25, 2023","123.489","123.489","123.489","123.489","-0.01%"
"Sep 22, 2023","123.507","123.507","123.507","123.507","0.08%"
"Sep 21, 2023","123.403","123.403","123.403","123.403","-1.59%"
"Sep 20, 2023","125.400","125.400","125.400","125.400","-0.98%"
"Sep 19, 2023","126.640","126.640","126.640","126.640","-0.88%"
"Sep 18, 2023","127.764","127.764","127.764","127.764","-0.29%"
"Sep 15, 2023","128.142","128.142","128.142","128.142","-0.42%"
"Sep 14, 2023","128.680","128.680","128.680","128.680","0.58%"
"Sep 13, 2023","127.942","127.942","127.942","127.942","0.08%"
"Sep 12, 2023","127.846","127.846","127.846","127.846","-0.72%"
"Sep 11, 2023","128.767","128.767","128.767","128.767","0.73%"
"Sep 08, 2023","127.832","127.832","127.832","127.832","0.18%"
"Sep 07, 2023","127.596","127.596","127.596","127.596","-0.70%"
"Sep 06, 2023","128.497","128.497","128.497","128.497","-0.88%"
"Sep 05, 2023","129.632","129.632","129.632","129.632","0.02%"
"Sep 04, 2023","129.607","129.607","129.607","129.607","0.32%"
"Sep 01, 2023","129.191","129.191","129.191","129.191","0.27%"
"Aug 31, 2023","128.838","128.838","128.838","128.838","0.24%"
"Aug 30, 2023","128.526","128.526","128.526","128.526","-0.18%"
"Aug 29, 2023","128.755","128.755","128.755","128.755","1.66%"
"Aug 28, 2023","126.647","126.647","126.647","126.647","0.97%"
"Aug 25, 2023","125.434","125.434","125.434","125.434","1.07%"
"Aug 24, 2023","124.108","124.108","124.108","124.108","-1.91%"
"Aug 23, 2023","126.524","126.524","126.524","126.524","1.77%"
"Aug 22, 2023","124.327","124.327","124.327","124.327","0.23%"
"Aug 21, 2023","124.047","124.047","124.047","124.047","0.45%"
"Aug 18, 2023","123.490","123.490","123.490","123.490","-0.51%"
"Aug 17, 2023","124.117","124.117","124.117","124.117","-0.47%"
"Aug 16, 2023","124.709","124.709","124.709","124.709","-0.73%"
"Aug 15, 2023","125.632","125.632","125.632","125.632","-0.93%"
"Aug 14, 2023","126.814","126.814","126.814","126.814","1.31%"
"Aug 11, 2023","125.176","125.176","125.176","125.176","-0.86%"
"Aug 10, 2023","126.261","126.261","126.261","126.261","0.49%"
"Aug 09, 2023","125.646","125.646","125.646","125.646","-0.87%"
"Aug 08, 2023","126.750","126.750","126.750","126.750","-0.70%"
"Aug 07, 2023","127.649","127.649","127.649","127.649","0.57%"
"Aug 04, 2023","126.927","126.927","126.927","126.927","0.79%"
"Aug 03, 2023","125.933","125.933","125.933","125.933","-0.20%"
"Aug 02, 2023","126.182","126.182","126.182","126.182","-2.43%"
"Aug 01, 2023","129.328","129.328","129.328","129.328","-0.48%"
"Jul 31, 2023","129.952","129.952","129.952","129.952","0.21%"
"Jul 28, 2023","129.685","129.685","129.685","129.685","2.68%"
"Jul 27, 2023","126.296","126.296","126.296","126.296","-0.82%"
"Jul 26, 2023","127.341","127.341","127.341","127.341","-0.09%"
"Jul 25, 2023","127.450","127.450","127.450","127.450","0.82%"
"Jul 24, 2023","126.412","126.412","126.412","126.412","0.13%"
"Jul 21, 2023","126.246","126.246","126.246","126.246","0.86%"
"Jul 20, 2023","125.169","125.169","125.169","125.169","-1.16%"
"Jul 19, 2023","126.641","126.641","126.641","126.641","0.11%"
"Jul 18, 2023","126.504","126.504","126.504","126.504","-0.49%"
"Jul 17, 2023","127.133","127.133","127.133","127.133","-0.19%"
"Jul 14, 2023","127.376","127.376","127.376","127.376","-0.22%"
"Jul 13, 2023","127.662","127.662","127.662","127.662","0.46%"
"Jul 12, 2023","127.076","127.076","127.076","127.076","1.10%"
"Jul 11, 2023","125.697","125.697","125.697","125.697","0.70%"
"Jul 10, 2023","124.826","124.826","124.826","124.826","-0.13%"
"Jul 07, 2023","124.988","124.988","124.988","124.988","0.50%"
"Jul 06, 2023","124.364","124.364","124.364","124.364","-1.59%"
"Jul 05, 2023","126.370","126.370","126.370","126.370","-0.09%"
"Jul 04, 2023","126.478","126.478","126.478","126.478","0.09%"
"Jul 03, 2023","126.361","126.361","126.361","126.361","-0.49%"
"Jun 30, 2023","126.983","126.983","126.983","126.983","1.72%"
"Jun 29, 2023","124.837","124.837","124.837","124.837","0.15%"
"Jun 28, 2023","124.646","124.646","124.646","124.646","0.04%"
"Jun 27, 2023","124.599","124.599","124.599","124.599","0.87%"
"Jun 26, 2023","123.526","123.526","123.526","123.526","-1.12%"
"Jun 23, 2023","124.920","124.920","124.920","124.920","-0.12%"
"Jun 22, 2023","125.068","125.068","125.068","125.068","0.38%"
"Jun 21, 2023","124.589","124.589","124.589","124.589","-0.76%"
"Jun 20, 2023","125.539","125.539","125.539","125.539","-0.84%"
"Jun 19, 2023","126.606","126.606","126.606","126.606","0.05%"
"Jun 16, 2023","126.549","126.549","126.549","126.549","-1.13%"
"Jun 15, 2023","127.989","127.989","127.989","127.989","1.06%"
"Jun 14, 2023","126.651","126.651","126.651","126.651","0.49%"
"Jun 13, 2023","126.038","126.038","126.038","126.038","0.51%"
"Jun 12, 2023","125.398","125.398","125.398","125.398","1.55%"
"Jun 09, 2023","123.484","123.484","123.484","123.484","0.01%"
"Jun 08, 2023","123.471","123.471","123.471","123.471","0.47%"
"Jun 07, 2023","122.893","122.893","122.893","122.893","-2.05%"
"Jun 06, 2023","125.469","125.469","125.469","125.469","0.54%"
"Jun 05, 2023","124.793","124.793","124.793","124.793","0.30%"
"Jun 02, 2023","124.415","124.415","124.415","124.415","0.82%"
"Jun 01, 2023","123.397","123.397","123.397","123.397","1.03%"
"May 31, 2023","122.140","122.140","122.140","122.140","-0.27%"
"May 30, 2023","122.470","122.470","122.470","122.470","-0.33%"
"May 29, 2023","122.880","122.880","122.880","122.880","0.19%"
"May 26, 2023","122.644","122.644","122.644","122.644","1.69%"
"May 25, 2023","120.602","120.602","120.602","120.602","1.62%"
"May 24, 2023","118.678","118.678","118.678","118.678","-0.69%"
"May 23, 2023","119.498","119.498","119.498","119.498","-1.81%"
"May 22, 2023","121.701","121.701","121.701","121.701","0.26%"
"May 19, 2023","121.386","121.386","121.386","121.386","-0.48%"
"May 18, 2023","121.974","121.974","121.974","121.974","0.90%"
"May 17, 2023","120.892","120.892","120.892","120.892","1.60%"
"May 16, 2023","118.987","118.987","118.987","118.987","0.07%"
"May 15, 2023","118.903","118.903","118.903","118.903","1.03%"
"May 12, 2023","117.687","117.687","117.687","117.687","-0.21%"
"May 11, 2023","117.931","117.931","117.931","117.931","0.62%"
"May 10, 2023","117.209","117.209","117.209","117.209","0.87%"
"May 09, 2023","116.200","116.200","116.200","116.200","-0.11%"
"May 08, 2023","116.328","116.328","116.328","116.328","0.12%"
"May 05, 2023","116.189","116.189","116.189","116.189","2.17%"
"May 04, 2023","113.721","113.721","113.721","113.721","-0.96%"
"May 03, 2023","114.820","114.820","114.820","114.820","-1.50%"
"May 02, 2023","116.569","116.569","116.569","116.569","-0.98%"
"May 01, 2023","117.719","117.719","117.719","117.719","-0.22%"
"Apr 28, 2023","117.980","117.980","117.980","117.980","1.03%"
"Apr 27, 2023","116.782","116.782","116.782","116.782","1.51%"
"Apr 26, 2023","115.048","115.048","115.048","115.048","0.11%"
"Apr 25, 2023","114.918","114.918","114.918","114.918","-2.06%"
"Apr 24, 2023","117.339","117.339","117.339","117.339","-0.37%"
"Apr 21, 2023","117.771","117.771","117.771","117.771","-0.04%"
"Apr 20, 2023","117.819","117.819","117.819","117.819","-0.37%"
"Apr 19, 2023","118.255","118.255","118.255","118.255","0.72%"
"Apr 18, 2023","117.407","117.407","117.407","117.407","0.06%"
"Apr 17, 2023","117.331","117.331","117.331","117.331","0.66%"
"Apr 14, 2023","116.559","116.559","116.559","116.559","-0.19%"
"Apr 13, 2023","116.778","116.778","116.778","116.778","1.59%"
"Apr 12, 2023","114.947","114.947","114.947","114.947","-1.25%"
"Apr 11, 2023","116.406","116.406","116.406","116.406","-0.36%"
"Apr 10, 2023","116.829","116.829","116.829","116.829","-0.20%"
"Apr 06, 2023","117.061","117.061","117.061","117.061","0.70%"
"Apr 05, 2023","116.244","116.244","116.244","116.244","-0.96%"
"Apr 04, 2023","117.373","117.373","117.373","117.373","-0.17%"
"Apr 03, 2023","117.575","117.575","117.575","117.575","-0.38%"
"Mar 31, 2023","118.018","118.018","118.018","118.018","1.36%"
"Mar 30, 2023","116.434","116.434","116.434","116.434","0.72%"
"Mar 29, 2023","115.600","115.600","115.600","115.600","1.30%"
"Mar 28, 2023","114.111","114.111","114.111","114.111","0.03%"
"Mar 27, 2023","114.075","114.075","114.075","114.075","-0.57%"
"Mar 24, 2023","114.732","114.732","114.732","114.732","0.94%"
"Mar 23, 2023","113.669","113.669","113.669","113.669","0.59%"
"Mar 22, 2023","113.000","113.000","113.000","113.000","-1.02%"
"Mar 21, 2023","114.168","114.168","114.168","114.168","1.56%"
"Mar 20, 2023","112.415","112.415","112.415","112.415","-0.30%"
"Mar 17, 2023","112.751","112.751","112.751","112.751","-0.66%"
"Mar 16, 2023","113.498","113.498","113.498","113.498","2.04%"
"Mar 15, 2023","111.231","111.231","111.231","111.231","0.50%"
"Mar 14, 2023","110.677","110.677","110.677","110.677","2.01%"
"Mar 13, 2023","108.501","108.501","108.501","108.501","-0.72%"
"Mar 10, 2023","109.291","109.291","109.291","109.291","-1.84%"
"Mar 09, 2023","111.336","111.336","111.336","111.336","-1.86%"
"Mar 08, 2023","113.443","113.443","113.443","113.443","1.19%"
"Mar 07, 2023","112.110","112.110","112.110","112.110","-1.60%"
"Mar 06, 2023","113.930","113.930","113.930","113.930","-0.29%"
"Mar 03, 2023","114.262","114.262","114.262","114.262","1.56%"
"Mar 02, 2023","112.510","112.510","112.510","112.510","2.13%"
"Mar 01, 2023","110.168","110.168","110.168","110.168","-0.35%"
"Feb 28, 2023","110.559","110.559","110.559","110.559","-0.61%"
"Feb 27, 2023","111.241","111.241","111.241","111.241","1.03%"
"Feb 24, 2023","110.109","110.109","110.109","110.109","-1.68%"
"Feb 23, 2023","111.996","111.996","111.996","111.996","1.16%"
"Feb 22, 2023","110.714","110.714","110.714","110.714","0.10%"
"Feb 21, 2023","110.602","110.602","110.602","110.602","-2.04%"
"Feb 20, 2023","112.906","112.906","112.906","112.906","-0.60%"
"Feb 17, 2023","113.588","113.588","113.588","113.588","-0.63%"
"Feb 16, 2023","114.304","114.304","114.304","114.304","-1.21%"
"Feb 15, 2023","115.705","115.705","115.705","115.705","1.22%"
"Feb 14, 2023","114.316","114.316","114.316","114.316","-0.26%"
"Feb 13, 2023","114.610","114.610","114.610","114.610","1.59%"
"Feb 10, 2023","112.813","112.813","112.813","112.813","-1.35%"
"Feb 09, 2023","114.353","114.353","114.353","114.353","-0.66%"
"Feb 08, 2023","115.110","115.110","115.110","115.110","-1.75%"
"Feb 07, 2023","117.164","117.164","117.164","117.164","1.97%"
"Feb 06, 2023","114.904","114.904","114.904","114.904","0.13%"
"Feb 03, 2023","114.751","114.751","114.751","114.751","-1.48%"
"Feb 02, 2023","116.469","116.469","116.469","116.469","1.58%"
"Feb 01, 2023","114.662","114.662","114.662","114.662","1.12%"
"Jan 31, 2023","113.388","113.388","113.388","113.388","1.26%"
"Jan 30, 2023","111.978","111.978","111.978","111.978","-2.20%"
"Jan 27, 2023","114.501","114.501","114.501","114.501","0.70%"
"Jan 26, 2023","113.701","113.701","113.701","113.701","1.25%"
"Jan 25, 2023","112.296","112.296","112.296","112.296","-0.35%"
"Jan 24, 2023","112.692","112.692","112.692","112.692","-0.20%"
"Jan 23, 2023","112.918","112.918","112.918","112.918","1.26%"
"Jan 20, 2023","111.518","111.518","111.518","111.518","2.95%"
"Jan 19, 2023","108.327","108.327","108.327","108.327","-0.30%"
"Jan 18, 2023","108.654","108.654","108.654","108.654","-0.53%"
"Jan 17, 2023","109.228","109.228","109.228","109.228","-0.06%"
"Jan 16, 2023","109.297","109.297","109.297","109.297","0.11%"
"Jan 13, 2023","109.179","109.179","109.179","109.179","0.72%"
"Jan 12, 2023","108.396","108.396","108.396","108.396","0.17%"
"Jan 11, 2023","108.217","108.217","108.217","108.217","1.06%"
"Jan 10, 2023","107.087","107.087","107.087","107.087","0.58%"
"Jan 09, 2023","106.474","106.474","106.474","106.474","-0.34%"
"Jan 06, 2023","106.837","106.837","106.837","106.837","3.11%"
"Jan 05, 2023","103.611","103.611","103.611","103.611","-1.02%"
"Jan 04, 2023","104.677","104.677","104.677","104.677","2.28%"
"Jan 03, 2023","102.343","102.343","102.343","102.343","1.87%"
"Jan 02, 2023","100.468","100.468","100.468","100.468","0.20%"
"Dec 30, 2022","100.265","100.265","100.265","100.265","-0.74%"
"Dec 29, 2022","101.017","101.017","101.017","101.017","2.35%"
"Dec 28, 2022","98.697","98.697","98.697","98.697","-1.39%"
"Dec 27, 2022","100.088","100.088","100.088","100.088","-0.06%"
"Dec 26, 2022","100.148","100.148","100.148","100.148","-0.01%"
"Dec 23, 2022","100.160","100.160","100.160","100.160","0.20%"
"Dec 22, 2022","99.963","99.963","99.963","99.963","-1.47%"
"Dec 21, 2022","101.458","101.458","101.458","101.458","1.39%"
"Dec 20, 2022","100.063","100.063","100.063","100.063","0.00%"
"Dec 19, 2022","100.063","100.063","100.063","100.063","-0.96%"
"Dec 16, 2022","101.038","101.038","101.038","101.038","-0.90%"
"Dec 15, 2022","101.956","101.956","101.956","101.956","-2.91%"
"Dec 14, 2022","105.011","105.011","105.011","105.011","-1.14%"
"Dec 13, 2022","106.220","106.220","106.220","106.220","1.59%"
"Dec 12, 2022","104.555","104.555","104.555","104.555","1.00%"
"Dec 09, 2022","103.519","103.519","103.519","103.519","-0.74%"
"Dec 08, 2022","104.294","104.294","104.294","104.294","1.55%"
"Dec 07, 2022","102.703","102.703","102.703","102.703","-1.03%"
"Dec 06, 2022","103.772","103.772","103.772","103.772","-0.86%"
"Dec 05, 2022","104.670","104.670","104.670","104.670","-2.04%"
"Dec 02, 2022","106.852","106.852","106.852","106.852","-0.50%"
"Dec 01, 2022","107.388","107.388","107.388","107.388","-0.58%"
"Nov 30, 2022","108.018","108.018","108.018","108.018","4.32%"
"Nov 29, 2022","103.549","103.549","103.549","103.549","0.65%"
"Nov 28, 2022","102.878","102.878","102.878","102.878","-1.93%"
"Nov 25, 2022","104.907","104.907","104.907","104.907","-0.42%"
"Nov 24, 2022","105.353","105.353","105.353","105.353","-0.54%"
"Nov 23, 2022","105.927","105.927","105.927","105.927","0.80%"
"Nov 22, 2022","105.085","105.085","105.085","105.085","0.47%"
"Nov 21, 2022","104.595","104.595","104.595","104.595","-0.11%"
"Nov 18, 2022","104.712","104.712","104.712","104.712","-0.69%"
"Nov 17, 2022","105.437","105.437","105.437","105.437","-0.10%"
"Nov 16, 2022","105.545","105.545","105.545","105.545","-1.06%"
"Nov 15, 2022","106.680","106.680","106.680","106.680","1.39%"
"Nov 14, 2022","105.221","105.221","105.221","105.221","-1.03%"
"Nov 11, 2022","106.317","106.317","106.317","106.317","-0.25%"
"Nov 10, 2022","106.588","106.588","106.588","106.588","7.49%"
"Nov 09, 2022","99.159","99.159","99.159","99.159","-2.67%"
"Nov 08, 2022","101.884","101.884","101.884","101.884","0.30%"
"Nov 07, 2022","101.584","101.584","101.584","101.584","0.10%"
"Nov 04, 2022","101.487","101.487","101.487","101.487","1.83%"
"Nov 03, 2022","99.665","99.665","99.665","99.665","-0.39%"
"Nov 02, 2022","100.053","100.053","100.053","100.053","-3.06%"
"Nov 01, 2022","103.210","103.210","103.210","103.210","-0.06%"
"Oct 31, 2022","103.273","103.273","103.273","103.273","-0.33%"
"Oct 28, 2022","103.611","103.611","103.611","103.611","1.64%"
"Oct 27, 2022","101.938","101.938","101.938","101.938","-1.20%"
"Oct 26, 2022","103.174","103.174","103.174","103.174","-1.97%"
"Oct 25, 2022","105.252","105.252","105.252","105.252","2.06%"
"Oct 24, 2022","103.129","103.129","103.129","103.129","-1.23%"
"Oct 21, 2022","104.418","104.418","104.418","104.418","1.85%"
"Oct 20, 2022","102.524","102.524","102.524","102.524","-0.26%"
"Oct 19, 2022","102.793","102.793","102.793","102.793","-0.42%"
"Oct 18, 2022","103.230","103.230","103.230","103.230","0.19%"
"Oct 17, 2022","103.035","103.035","103.035","103.035","3.09%"
"Oct 14, 2022","99.948","99.948","99.948","99.948","-2.04%"
"Oct 13, 2022","102.025","102.025","102.025","102.025","1.29%"
"Oct 12, 2022","100.725","100.725","100.725","100.725","0.10%"
"Oct 11, 2022","100.625","100.625","100.625","100.625","-1.59%"
"Oct 10, 2022","102.255","102.255","102.255","102.255","-0.64%"
"Oct 07, 2022","102.909","102.909","102.909","102.909","-2.69%"
"Oct 06, 2022","105.754","105.754","105.754","105.754","-0.16%"
"Oct 05, 2022","105.920","105.920","105.920","105.920","-0.29%"
"Oct 04, 2022","106.231","106.231","106.231","106.231","3.00%"
"Oct 03, 2022","103.138","103.138","103.138","103.138","1.85%"
"Sep 30, 2022","101.269","101.269","101.269","101.269","-1.41%"
"Sep 29, 2022","102.716","102.716","102.716","102.716","-3.36%"
"Sep 28, 2022","106.285","106.285","106.285","106.285","2.54%"
"Sep 27, 2022","103.657","103.657","103.657","103.657","-0.51%"
"Sep 26, 2022","104.187","104.187","104.187","104.187","0.48%"
"Sep 23, 2022","103.694","103.694","103.694","103.694","-0.71%"
"Sep 22, 2022","104.438","104.438","104.438","104.438","-1.30%"
"Sep 21, 2022","105.816","105.816","105.816","105.816","-0.93%"
"Sep 20, 2022","106.806","106.806","106.806","106.806","-1.24%"
"Sep 19, 2022","108.143","108.143","108.143","108.143","0.06%"
"Sep 16, 2022","108.073","108.073","108.073","108.073","-1.24%"
"Sep 15, 2022","109.435","109.435","109.435","109.435","-1.93%"
"Sep 14, 2022","111.584","111.584","111.584","111.584","1.90%"
"Sep 13, 2022","109.503","109.503","109.503","109.503","-4.74%"
"Sep 12, 2022","114.946","114.946","114.946","114.946","0.49%"
"Sep 09, 2022","114.390","114.390","114.390","114.390","1.82%"
"Sep 08, 2022","112.349","112.349","112.349","112.349","-0.68%"
"Sep 07, 2022","113.121","113.121","113.121","113.121","2.12%"
"Sep 06, 2022","110.772","110.772","110.772","110.772","-1.01%"
"Sep 05, 2022","111.906","111.906","111.906","111.906","0.21%"
"Sep 02, 2022","111.674","111.674","111.674","111.674","-0.30%"
"Sep 01, 2022","112.009","112.009","112.009","112.009","-0.85%"
"Aug 31, 2022","112.964","112.964","112.964","112.964","-0.40%"
"Aug 30, 2022","113.420","113.420","113.420","113.420","-1.10%"
"Aug 29, 2022","114.676","114.676","114.676","114.676","-0.88%"
"Aug 26, 2022","115.699","115.699","115.699","115.699","-4.45%"
"Aug 25, 2022","121.085","121.085","121.085","121.085","1.60%"
"Aug 24, 2022","119.177","119.177","119.177","119.177","0.49%"
"Aug 23, 2022","118.596","118.596","118.596","118.596","0.20%"
"Aug 22, 2022","118.361","118.361","118.361","118.361","-2.37%"
"Aug 19, 2022","121.240","121.240","121.240","121.240","-1.00%"
"Aug 18, 2022","122.463","122.463","122.463","122.463","0.18%"
"Aug 17, 2022","122.246","122.246","122.246","122.246","-1.57%"
"Aug 16, 2022","124.191","124.191","124.191","124.191","0.44%"
"Aug 15, 2022","123.646","123.646","123.646","123.646","1.35%"
"Aug 12, 2022","122.002","122.002","122.002","122.002","1.62%"
"Aug 11, 2022","120.062","120.062","120.062","120.062","-0.66%"
"Aug 10, 2022","120.854","120.854","120.854","120.854","2.41%"
"Aug 09, 2022","118.010","118.010","118.010","118.010","-1.75%"
"Aug 08, 2022","120.116","120.116","120.116","120.116","-0.05%"
"Aug 05, 2022","120.174","120.174","120.174","120.174","-1.22%"
"Aug 04, 2022","121.662","121.662","121.662","121.662","0.92%"
"Aug 03, 2022","120.551","120.551","120.551","120.551","2.42%"
"Aug 02, 2022","117.708","117.708","117.708","117.708","-0.08%"
"Aug 01, 2022","117.801","117.801","117.801","117.801","-0.46%"
"Jul 29, 2022","118.344","118.344","118.344","118.344","0.19%"
"Jul 28, 2022","118.124","118.124","118.124","118.124","1.21%"
"Jul 27, 2022","116.710","116.710","116.710","116.710","2.78%"
"Jul 26, 2022","113.555","113.555","113.555","113.555","-1.03%"
"Jul 25, 2022","114.737","114.737","114.737","114.737","-0.89%"
"Jul 22, 2022","115.764","115.764","115.764","115.764","-1.57%"
"Jul 21, 2022","117.614","117.614","117.614","117.614","1.06%"
"Jul 20, 2022","116.384","116.384","116.384","116.384","1.52%"
"Jul 19, 2022","114.643","114.643","114.643","114.643","2.42%"
"Jul 18, 2022","111.932","111.932","111.932","111.932","-0.87%"
"Jul 15, 2022","112.913","112.913","112.913","112.913","1.39%"
"Jul 14, 2022","111.365","111.365","111.365","111.365","0.03%"
"Jul 13, 2022","111.327","111.327","111.327","111.327","-0.77%"
"Jul 12, 2022","112.189","112.189","112.189","112.189","-0.05%"
"Jul 11, 2022","112.247","112.247","112.247","112.247","-1.77%"
"Jul 08, 2022","114.275","114.275","114.275","114.275","-0.24%"
"Jul 07, 2022","114.545","114.545","114.545","114.545","2.09%"
"Jul 06, 2022","112.201","112.201","112.201","112.201","1.69%"
"Jul 05, 2022","110.334","110.334","110.334","110.334","2.34%"
"Jul 04, 2022","107.813","107.813","107.813","107.813","-0.38%"
"Jul 01, 2022","108.220","108.220","108.220","108.220","0.60%"
"Jun 30, 2022","107.574","107.574","107.574","107.574","-0.78%"
"Jun 29, 2022","108.425","108.425","108.425","108.425","0.35%"
"Jun 28, 2022","108.046","108.046","108.046","108.046","-2.32%"
"Jun 27, 2022","110.611","110.611","110.611","110.611","-1.49%"
"Jun 24, 2022","112.287","112.287","112.287","112.287","3.43%"
"Jun 23, 2022","108.562","108.562","108.562","108.562","1.84%"
"Jun 22, 2022","106.597","106.597","106.597","106.597","-0.11%"
"Jun 21, 2022","106.712","106.712","106.712","106.712","1.41%"
"Jun 20, 2022","105.225","105.225","105.225","105.225","-0.05%"
"Jun 17, 2022","105.282","105.282","105.282","105.282","0.66%"
"Jun 16, 2022","104.588","104.588","104.588","104.588","-3.51%"
"Jun 15, 2022","108.393","108.393","108.393","108.393","2.24%"
"Jun 14, 2022","106.019","106.019","106.019","106.019","-0.25%"
"Jun 13, 2022","106.286","106.286","106.286","106.286","-4.01%"
"Jun 10, 2022","110.724","110.724","110.724","110.724","-2.26%"
"Jun 09, 2022","113.287","113.287","113.287","113.287","-3.01%"
"Jun 08, 2022","116.802","116.802","116.802","116.802","-0.03%"
"Jun 07, 2022","116.837","116.837","116.837","116.837","1.16%"
"Jun 06, 2022","115.495","115.495","115.495","115.495","0.79%"
"Jun 03, 2022","114.591","114.591","114.591","114.591","-2.24%"
"Jun 02, 2022","117.213","117.213","117.213","117.213","3.31%"
"Jun 01, 2022","113.455","113.455","113.455","113.455","-0.68%"
"May 31, 2022","114.229","114.229","114.229","114.229","0.34%"
"May 30, 2022","113.844","113.844","113.844","113.844","-0.15%"
"May 27, 2022","114.018","114.018","114.018","114.018","2.45%"
"May 26, 2022","111.291","111.291","111.291","111.291","2.45%"
"May 25, 2022","108.634","108.634","108.634","108.634","1.65%"
"May 24, 2022","106.875","106.875","106.875","106.875","-2.98%"
"May 23, 2022","110.155","110.155","110.155","110.155","0.46%"
"May 20, 2022","109.653","109.653","109.653","109.653","-0.24%"
"May 19, 2022","109.916","109.916","109.916","109.916","0.06%"
"May 18, 2022","109.847","109.847","109.847","109.847","-3.56%"
"May 17, 2022","113.904","113.904","113.904","113.904","1.91%"
"May 16, 2022","111.769","111.769","111.769","111.769","-1.49%"
"May 13, 2022","113.459","113.459","113.459","113.459","3.89%"
"May 12, 2022","109.207","109.207","109.207","109.207","0.68%"
"May 11, 2022","108.466","108.466","108.466","108.466","-0.68%"
"May 10, 2022","109.211","109.211","109.211","109.211","0.95%"
"May 09, 2022","108.183","108.183","108.183","108.183","-4.29%"
"May 06, 2022","113.035","113.035","113.035","113.035","-1.98%"
"May 05, 2022","115.313","115.313","115.313","115.313","-3.98%"
"May 04, 2022","120.093","120.093","120.093","120.093","1.63%"
"May 03, 2022","118.168","118.168","118.168","118.168","-0.25%"
"May 02, 2022","118.459","118.459","118.459","118.459","0.75%"
"Apr 29, 2022","117.577","117.577","117.577","117.577","-2.98%"
"Apr 28, 2022","121.183","121.183","121.183","121.183","3.75%"
"Apr 27, 2022","116.800","116.800","116.800","116.800","1.34%"
"Apr 26, 2022","115.251","115.251","115.251","115.251","-2.49%"
"Apr 25, 2022","118.195","118.195","118.195","118.195","1.12%"
"Apr 22, 2022","116.889","116.889","116.889","116.889","-2.65%"
"Apr 21, 2022","120.070","120.070","120.070","120.070","-2.17%"
"Apr 20, 2022","122.731","122.731","122.731","122.731","-0.90%"
"Apr 19, 2022","123.851","123.851","123.851","123.851","2.38%"
"Apr 18, 2022","120.976","120.976","120.976","120.976","-0.13%"
"Apr 14, 2022","121.133","121.133","121.133","121.133","-1.82%"
"Apr 13, 2022","123.376","123.376","123.376","123.376","1.80%"
"Apr 12, 2022","121.200","121.200","121.200","121.200","-0.33%"
"Apr 11, 2022","121.606","121.606","121.606","121.606","-1.96%"
"Apr 08, 2022","124.038","124.038","124.038","124.038","-0.39%"
"Apr 07, 2022","124.524","124.524","124.524","124.524","-0.17%"
"Apr 06, 2022","124.736","124.736","124.736","124.736","-2.39%"
"Apr 05, 2022","127.795","127.795","127.795","127.795","-1.91%"
"Apr 04, 2022","130.288","130.288","130.288","130.288","1.95%"
"Apr 01, 2022","127.792","127.792","127.792","127.792","1.07%"
"Mar 31, 2022","126.439","126.439","126.439","126.439","-1.65%"
"Mar 30, 2022","128.559","128.559","128.559","128.559","-1.95%"
"Mar 29, 2022","131.110","131.110","131.110","131.110","1.58%"
"Mar 28, 2022","129.075","129.075","129.075","129.075","1.54%"
"Mar 25, 2022","127.117","127.117","127.117","127.117","-0.33%"
"Mar 24, 2022","127.538","127.538","127.538","127.538","1.22%"
"Mar 23, 2022","126.001","126.001","126.001","126.001","-1.95%"
"Mar 22, 2022","128.502","128.502","128.502","128.502","2.16%"
"Mar 21, 2022","125.781","125.781","125.781","125.781","-1.37%"
"Mar 18, 2022","127.523","127.523","127.523","127.523","2.74%"
"Mar 17, 2022","124.117","124.117","124.117","124.117","-0.18%"
"Mar 16, 2022","124.335","124.335","124.335","124.335","5.98%"
"Mar 15, 2022","117.323","117.323","117.323","117.323","1.61%"
"Mar 14, 2022","115.464","115.464","115.464","115.464","-1.81%"
"Mar 11, 2022","117.598","117.598","117.598","117.598","-0.55%"
"Mar 10, 2022","118.254","118.254","118.254","118.254","-2.17%"
"Mar 09, 2022","120.882","120.882","120.882","120.882","3.88%"
"Mar 08, 2022","116.371","116.371","116.371","116.371","-0.24%"
"Mar 07, 2022","116.653","116.653","116.653","116.653","-3.86%"
"Mar 04, 2022","121.339","121.339","121.339","121.339","-1.42%"
"Mar 03, 2022","123.085","123.085","123.085","123.085","-1.68%"
"Mar 02, 2022","125.187","125.187","125.187","125.187","1.56%"
"Mar 01, 2022","123.268","123.268","123.268","123.268","-1.95%"
"Feb 28, 2022","125.721","125.721","125.721","125.721","-1.01%"
"Feb 25, 2022","127.004","127.004","127.004","127.004","1.26%"
"Feb 24, 2022","125.422","125.422","125.422","125.422","2.70%"
"Feb 23, 2022","122.119","122.119","122.119","122.119","-1.72%"
"Feb 22, 2022","124.251","124.251","124.251","124.251","-0.88%"
"Feb 21, 2022","125.354","125.354","125.354","125.354","-0.30%"
"Feb 18, 2022","125.732","125.732","125.732","125.732","-1.28%"
"Feb 17, 2022","127.366","127.366","127.366","127.366","-2.34%"
"Feb 16, 2022","130.422","130.422","130.422","130.422","-0.02%"
"Feb 15, 2022","130.452","130.452","130.452","130.452","1.80%"
"Feb 14, 2022","128.147","128.147","128.147","128.147","0.40%"
"Feb 11, 2022","127.634","127.634","127.634","127.634","-2.42%"
"Feb 10, 2022","130.797","130.797","130.797","130.797","-1.04%"
"Feb 09, 2022","132.169","132.169","132.169","132.169","1.84%"
"Feb 08, 2022","129.781","129.781","129.781","129.781","1.30%"
"Feb 07, 2022","128.118","128.118","128.118","128.118","-0.48%"
"Feb 04, 2022","128.742","128.742","128.742","128.742","-0.42%"
"Feb 03, 2022","129.279","129.279","129.279","129.279","-2.44%"
"Feb 02, 2022","132.518","132.518","132.518","132.518","0.29%"
"Feb 01, 2022","132.138","132.138","132.138","132.138","0.28%"
"Jan 31, 2022","131.766","131.766","131.766","131.766","2.54%"
"Jan 28, 2022","128.497","128.497","128.497","128.497","2.20%"
"Jan 27, 2022","125.733","125.733","125.733","125.733","0.53%"
"Jan 26, 2022","125.067","125.067","125.067","125.067","0.41%"
"Jan 25, 2022","124.556","124.556","124.556","124.556","-1.26%"
"Jan 24, 2022","126.145","126.145","126.145","126.145","-0.60%"
"Jan 21, 2022","126.908","126.908","126.908","126.908","-2.91%"
"Jan 20, 2022","130.715","130.715","130.715","130.715","-0.06%"
"Jan 19, 2022","130.787","130.787","130.787","130.787","-0.44%"
"Jan 18, 2022","131.359","131.359","131.359","131.359","-1.80%"
"Jan 17, 2022","133.769","133.769","133.769","133.769","0.33%"
"Jan 14, 2022","133.323","133.323","133.323","133.323","0.51%"
"Jan 13, 2022","132.649","132.649","132.649","132.649","-2.02%"
"Jan 12, 2022","135.389","135.389","135.389","135.389","0.23%"
"Jan 11, 2022","135.074","135.074","135.074","135.074","1.63%"
"Jan 10, 2022","132.902","132.902","132.902","132.902","-0.17%"
"Jan 07, 2022","133.134","133.134","133.134","133.134","-0.29%"
"Jan 06, 2022","133.526","133.526","133.526","133.526","-0.09%"
"Jan 05, 2022","133.641","133.641","133.641","133.641","-2.21%"
"Jan 04, 2022","136.659","136.659","136.659","136.659","0.09%"
"Jan 03, 2022","136.542","136.542","136.542","136.542","1.33%"
"Dec 31, 2021","134.745","134.745","134.745","134.745","-0.65%"
"Dec 30, 2021","135.625","135.625","135.625","135.625","0.48%"
"Dec 29, 2021","134.975","134.975","134.975","134.975","-0.30%"
"Dec 28, 2021","135.375","135.375","135.375","135.375","-0.53%"
"Dec 27, 2021","136.103","136.103","136.103","136.103","0.57%"
"Dec 24, 2021","135.333","135.333","135.333","135.333","-0.08%"
"Dec 23, 2021","135.438","135.438","135.438","135.438","0.83%"
"Dec 22, 2021","134.326","134.326","134.326","134.326","0.67%"
"Dec 21, 2021","133.438","133.438","133.438","133.438","3.02%"
"Dec 20, 2021","129.527","129.527","129.527","129.527","-1.34%"
"Dec 17, 2021","131.280","131.280","131.280","131.280","-0.16%"
"Dec 16, 2021","131.490","131.490","131.490","131.490","-1.60%"
"Dec 15, 2021","133.632","133.632","133.632","133.632","0.72%"
"Dec 14, 2021","132.674","132.674","132.674","132.674","-0.88%"
"Dec 13, 2021","133.849","133.849","133.849","133.849","-1.40%"
"Dec 10, 2021","135.744","135.744","135.744","135.744","0.47%"
"Dec 09, 2021","135.111","135.111","135.111","135.111","-0.85%"
"Dec 08, 2021","136.270","136.270","136.270","136.270","-0.19%"
"Dec 07, 2021","136.536","136.536","136.536","136.536","2.81%"
"Dec 06, 2021","132.801","132.801","132.801","132.801","2.16%"
"Dec 03, 2021","129.992","129.992","129.992","129.992","-1.68%"
"Dec 02, 2021","132.215","132.215","132.215","132.215","0.92%"
"Dec 01, 2021","131.016","131.016","131.016","131.016","-0.59%"
"Nov 30, 2021","131.800","131.800","131.800","131.800","-2.63%"
"Nov 29, 2021","135.357","135.357","135.357","135.357","1.15%"
"Nov 26, 2021","133.821","133.821","133.821","133.821","-3.94%"
"Nov 25, 2021","139.314","139.314","139.314","139.314","0.06%"
"Nov 24, 2021","139.228","139.228","139.228","139.228","0.66%"
"Nov 23, 2021","138.319","138.319","138.319","138.319","-0.27%"
"Nov 22, 2021","138.693","138.693","138.693","138.693","-1.62%"
"Nov 19, 2021","140.978","140.978","140.978","140.978","-0.16%"
"Nov 18, 2021","141.209","141.209","141.209","141.209","-0.56%"
"Nov 17, 2021","142.007","142.007","142.007","142.007","-1.01%"
"Nov 16, 2021","143.463","143.463","143.463","143.463","1.12%"
"Nov 15, 2021","141.876","141.876","141.876","141.876","-0.02%"
"Nov 12, 2021","141.903","141.903","141.903","141.903","0.33%"
"Nov 11, 2021","141.431","141.431","141.431","141.431","0.08%"
"Nov 10, 2021","141.325","141.325","141.325","141.325","-0.62%"
"Nov 09, 2021","142.203","142.203","142.203","142.203","-0.03%"
"Nov 08, 2021","142.245","142.245","142.245","142.245","0.09%"
"Nov 05, 2021","142.115","142.115","142.115","142.115","1.35%"
"Nov 04, 2021","140.220","140.220","140.220","140.220","1.43%"
"Nov 03, 2021","138.241","138.241","138.241","138.241","0.83%"
"Nov 02, 2021","137.098","137.098","137.098","137.098","-0.56%"
"Nov 01, 2021","137.872","137.872","137.872","137.872","0.85%"
"Oct 29, 2021","136.704","136.704","136.704","136.704","-0.75%"
"Oct 28, 2021","137.743","137.743","137.743","137.743","1.26%"
"Oct 27, 2021","136.027","136.027","136.027","136.027","-0.14%"
"Oct 26, 2021","136.223","136.223","136.223","136.223","0.08%"
"Oct 25, 2021","136.114","136.114","136.114","136.114","0.30%"
"Oct 22, 2021","135.708","135.708","135.708","135.708","-0.56%"
"Oct 21, 2021","136.476","136.476","136.476","136.476","0.06%"
"Oct 20, 2021","136.399","136.399","136.399","136.399","0.12%"
"Oct 19, 2021","136.233","136.233","136.233","136.233","0.45%"
"Oct 18, 2021","135.624","135.624","135.624","135.624","-0.43%"
"Oct 15, 2021","136.205","136.205","136.205","136.205","0.97%"
"Oct 14, 2021","134.896","134.896","134.896","134.896","0.95%"
"Oct 13, 2021","133.623","133.623","133.623","133.623","0.86%"
"Oct 12, 2021","132.482","132.482","132.482","132.482","-0.32%"
"Oct 11, 2021","132.906","132.906","132.906","132.906","-0.63%"
"Oct 08, 2021","133.751","133.751","133.751","133.751","-0.20%"
"Oct 07, 2021","134.015","134.015","134.015","134.015","1.66%"
"Oct 06, 2021","131.825","131.825","131.825","131.825","0.25%"
"Oct 05, 2021","131.498","131.498","131.498","131.498","1.06%"
"Oct 04, 2021","130.117","130.117","130.117","130.117","-1.89%"
"Oct 01, 2021","132.626","132.626","132.626","132.626","0.99%"
"Sep 30, 2021","131.327","131.327","131.327","131.327","-0.18%"
"Sep 29, 2021","131.560","131.560","131.560","131.560","-0.22%"
"Sep 28, 2021","131.849","131.849","131.849","131.849","-1.90%"
"Sep 27, 2021","134.397","134.397","134.397","134.397","0.29%"
"Sep 24, 2021","134.013","134.013","134.013","134.013","-0.41%"
"Sep 23, 2021","134.560","134.560","134.560","134.560","1.23%"
"Sep 22, 2021","132.926","132.926","132.926","132.926","1.21%"
"Sep 21, 2021","131.341","131.341","131.341","131.341","-0.18%"
"Sep 20, 2021","131.572","131.572","131.572","131.572","-1.14%"
"Sep 17, 2021","133.095","133.095","133.095","133.095","-0.40%"
"Sep 16, 2021","133.633","133.633","133.633","133.633","0.80%"
"Sep 15, 2021","132.566","132.566","132.566","132.566","-0.03%"
"Sep 14, 2021","132.608","132.608","132.608","132.608","-0.92%"
"Sep 13, 2021","133.842","133.842","133.842","133.842","0.44%"
"Sep 10, 2021","133.252","133.252","133.252","133.252","-0.85%"
"Sep 09, 2021","134.394","134.394","134.394","134.394","-0.50%"
"Sep 08, 2021","135.075","135.075","135.075","135.075","-0.60%"
"Sep 07, 2021","135.896","135.896","135.896","135.896","0.57%"
"Sep 06, 2021","135.131","135.131","135.131","135.131","0.24%"
"Sep 03, 2021","134.809","134.809","134.809","134.809","-0.53%"
"Sep 02, 2021","135.526","135.526","135.526","135.526","-0.78%"
"Sep 01, 2021","136.591","136.591","136.591","136.591","1.11%"
"Aug 31, 2021","135.087","135.087","135.087","135.087","0.21%"
"Aug 30, 2021","134.798","134.798","134.798","134.798","-0.16%"
"Aug 27, 2021","135.016","135.016","135.016","135.016","0.48%"
"Aug 26, 2021","134.367","134.367","134.367","134.367","-0.94%"
"Aug 25, 2021","135.640","135.640","135.640","135.640","-0.01%"
"Aug 24, 2021","135.659","135.659","135.659","135.659","1.61%"
"Aug 23, 2021","133.505","133.505","133.505","133.505","0.97%"
"Aug 20, 2021","132.226","132.226","132.226","132.226","0.88%"
"Aug 19, 2021","131.078","131.078","131.078","131.078","-1.24%"
"Aug 18, 2021","132.720","132.720","132.720","132.720","-0.07%"
"Aug 17, 2021","132.817","132.817","132.817","132.817","-1.14%"
"Aug 16, 2021","134.344","134.344","134.344","134.344","-0.76%"
"Aug 13, 2021","135.367","135.367","135.367","135.367","-0.09%"
"Aug 12, 2021","135.484","135.484","135.484","135.484","-0.04%"
"Aug 11, 2021","135.534","135.534","135.534","135.534","0.17%"
"Aug 10, 2021","135.310","135.310","135.310","135.310","0.36%"
"Aug 09, 2021","134.824","134.824","134.824","134.824","0.00%"
"Aug 06, 2021","134.818","134.818","134.818","134.818","0.13%"
"Aug 05, 2021","134.645","134.645","134.645","134.645","0.53%"
"Aug 04, 2021","133.940","133.940","133.940","133.940","0.25%"
"Aug 03, 2021","133.607","133.607","133.607","133.607","-0.78%"
"Aug 02, 2021","134.664","134.664","134.664","134.664","0.35%"
"Jul 30, 2021","134.198","134.198","134.198","134.198","-1.33%"
"Jul 29, 2021","136.002","136.002","136.002","136.002","-0.29%"
"Jul 28, 2021","136.391","136.391","136.391","136.391","0.83%"
"Jul 27, 2021","135.266","135.266","135.266","135.266","-0.80%"
"Jul 26, 2021","136.352","136.352","136.352","136.352","-0.71%"
"Jul 23, 2021","137.332","137.332","137.332","137.332","0.51%"
"Jul 22, 2021","136.631","136.631","136.631","136.631","0.29%"
"Jul 21, 2021","136.242","136.242","136.242","136.242","1.51%"
"Jul 20, 2021","134.220","134.220","134.220","134.220","1.24%"
"Jul 19, 2021","132.576","132.576","132.576","132.576","-2.15%"
"Jul 16, 2021","135.495","135.495","135.495","135.495","-0.61%"
"Jul 15, 2021","136.333","136.333","136.333","136.333","-0.63%"
"Jul 14, 2021","137.199","137.199","137.199","137.199","0.45%"
"Jul 13, 2021","136.584","136.584","136.584","136.584","0.02%"
"Jul 12, 2021","136.560","136.560","136.560","136.560","0.13%"
"Jul 09, 2021","136.386","136.386","136.386","136.386","1.31%"
"Jul 08, 2021","134.624","134.624","134.624","134.624","-1.16%"
"Jul 07, 2021","136.205","136.205","136.205","136.205","-0.13%"
"Jul 06, 2021","136.388","136.388","136.388","136.388","-0.44%"
"Jul 05, 2021","136.986","136.986","136.986","136.986","-0.13%"
"Jul 02, 2021","137.169","137.169","137.169","137.169","0.89%"
"Jul 01, 2021","135.963","135.963","135.963","135.963","0.44%"
"Jun 30, 2021","135.363","135.363","135.363","135.363","-0.32%"
"Jun 29, 2021","135.791","135.791","135.791","135.791","-0.05%"
"Jun 28, 2021","135.863","135.863","135.863","135.863","-0.56%"
"Jun 25, 2021","136.629","136.629","136.629","136.629","0.40%"
"Jun 24, 2021","136.081","136.081","136.081","136.081","0.79%"
"Jun 23, 2021","135.021","135.021","135.021","135.021","-0.53%"
"Jun 22, 2021","135.739","135.739","135.739","135.739","0.11%"
"Jun 21, 2021","135.594","135.594","135.594","135.594","0.53%"
"Jun 18, 2021","134.873","134.873","134.873","134.873","-0.83%"
"Jun 17, 2021","135.997","135.997","135.997","135.997","1.55%"
"Jun 16, 2021","133.915","133.915","133.915","133.915","-0.31%"
"Jun 15, 2021","134.330","134.330","134.330","134.330","-0.20%"
"Jun 14, 2021","134.596","134.596","134.596","134.596","0.27%"
"Jun 11, 2021","134.232","134.232","134.232","134.232","0.54%"
"Jun 10, 2021","133.511","133.511","133.511","133.511","0.41%"
"Jun 09, 2021","132.963","132.963","132.963","132.963","-0.14%"
"Jun 08, 2021","133.156","133.156","133.156","133.156","0.01%"
"Jun 07, 2021","133.149","133.149","133.149","133.149","-0.05%"
"Jun 04, 2021","133.209","133.209","133.209","133.209","1.27%"
"Jun 03, 2021","131.540","131.540","131.540","131.540","-0.87%"
"Jun 02, 2021","132.700","132.700","132.700","132.700","0.35%"
"Jun 01, 2021","132.231","132.231","132.231","132.231","0.48%"
"May 31, 2021","131.594","131.594","131.594","131.594","-0.48%"
"May 28, 2021","132.229","132.229","132.229","132.229","0.81%"
"May 27, 2021","131.169","131.169","131.169","131.169","0.29%"
"May 26, 2021","130.786","130.786","130.786","130.786","0.49%"
"May 25, 2021","130.147","130.147","130.147","130.147","-0.03%"
"May 24, 2021","130.180","130.180","130.180","130.180","0.71%"
"May 21, 2021","129.258","129.258","129.258","129.258","0.04%"
"May 20, 2021","129.212","129.212","129.212","129.212","0.94%"
"May 19, 2021","128.004","128.004","128.004","128.004","-0.27%"
"May 18, 2021","128.346","128.346","128.346","128.346","-0.66%"
"May 17, 2021","129.198","129.198","129.198","129.198","-0.30%"
"May 14, 2021","129.592","129.592","129.592","129.592","1.55%"
"May 13, 2021","127.609","127.609","127.609","127.609","0.27%"
"May 12, 2021","127.271","127.271","127.271","127.271","-0.95%"
"May 11, 2021","128.497","128.497","128.497","128.497","-0.84%"
"May 10, 2021","129.582","129.582","129.582","129.582","-1.87%"
"May 07, 2021","132.051","132.051","132.051","132.051","0.72%"
"May 06, 2021","131.105","131.105","131.105","131.105","0.28%"
"May 05, 2021","130.735","130.735","130.735","130.735","0.23%"
"May 04, 2021","130.441","130.441","130.441","130.441","-1.43%"
"May 03, 2021","132.328","132.328","132.328","132.328","0.09%"
"Apr 30, 2021","132.211","132.211","132.211","132.211","-0.52%"
"Apr 29, 2021","132.902","132.902","132.902","132.902","0.05%"
"Apr 28, 2021","132.833","132.833","132.833","132.833","0.66%"
"Apr 27, 2021","131.966","131.966","131.966","131.966","-0.08%"
"Apr 26, 2021","132.066","132.066","132.066","132.066","0.41%"
"Apr 23, 2021","131.525","131.525","131.525","131.525","0.60%"
"Apr 22, 2021","130.737","130.737","130.737","130.737","-0.38%"
"Apr 21, 2021","131.240","131.240","131.240","131.240","1.42%"
"Apr 20, 2021","129.399","129.399","129.399","129.399","-1.94%"
"Apr 19, 2021","131.956","131.956","131.956","131.956","-0.87%"
"Apr 16, 2021","133.108","133.108","133.108","133.108","0.40%"
"Apr 15, 2021","132.579","132.579","132.579","132.579","1.07%"
"Apr 14, 2021","131.171","131.171","131.171","131.171","-0.50%"
"Apr 13, 2021","131.828","131.828","131.828","131.828","0.03%"
"Apr 12, 2021","131.793","131.793","131.793","131.793","0.04%"
"Apr 09, 2021","131.741","131.741","131.741","131.741","0.25%"
"Apr 08, 2021","131.411","131.411","131.411","131.411","0.76%"
"Apr 07, 2021","130.424","130.424","130.424","130.424","-0.79%"
"Apr 06, 2021","131.458","131.458","131.458","131.458","0.14%"
"Apr 05, 2021","131.273","131.273","131.273","131.273","5.98%"
"Apr 02, 2021","123.865","123.865","123.865","123.865","-4.78%"
"Apr 01, 2021","130.083","130.083","130.083","130.083","1.76%"
"Mar 31, 2021","127.827","127.827","127.827","127.827","-0.03%"
"Mar 30, 2021","127.869","127.869","127.869","127.869","0.41%"
"Mar 29, 2021","127.344","127.344","127.344","127.344","0.04%"
"Mar 26, 2021","127.293","127.293","127.293","127.293","1.29%"
"Mar 25, 2021","125.674","125.674","125.674","125.674","0.21%"
"Mar 24, 2021","125.411","125.411","125.411","125.411","-0.76%"
"Mar 23, 2021","126.370","126.370","126.370","126.370","-0.66%"
"Mar 22, 2021","127.213","127.213","127.213","127.213","0.14%"
"Mar 19, 2021","127.039","127.039","127.039","127.039","-0.48%"
"Mar 18, 2021","127.650","127.650","127.650","127.650","-1.23%"
"Mar 17, 2021","129.234","129.234","129.234","129.234","0.56%"
"Mar 16, 2021","128.519","128.519","128.519","128.519","0.17%"
"Mar 15, 2021","128.301","128.301","128.301","128.301","0.40%"
"Mar 12, 2021","127.788","127.788","127.788","127.788","-0.40%"
"Mar 11, 2021","128.298","128.298","128.298","128.298","1.21%"
"Mar 10, 2021","126.761","126.761","126.761","126.761","0.27%"
"Mar 09, 2021","126.414","126.414","126.414","126.414","0.89%"
"Mar 08, 2021","125.295","125.295","125.295","125.295","1.15%"
"Mar 05, 2021","123.865","123.865","123.865","123.865","1.52%"
"Mar 04, 2021","122.005","122.005","122.005","122.005","-0.91%"
"Mar 03, 2021","123.126","123.126","123.126","123.126","-0.17%"
"Mar 02, 2021","123.334","123.334","123.334","123.334","-0.57%"
"Mar 01, 2021","124.043","124.043","124.043","124.043","2.76%"
"Feb 26, 2021","120.709","120.709","120.709","120.709","0.08%"
"Feb 25, 2021","120.615","120.615","120.615","120.615","-3.42%"
"Feb 24, 2021","124.884","124.884","124.884","124.884","0.99%"
"Feb 23, 2021","123.665","123.665","123.665","123.665","0.63%"
"Feb 22, 2021","122.895","122.895","122.895","122.895","0.00%"
"Feb 19, 2021","122.894","122.894","122.894","122.894","0.14%"
"Feb 18, 2021","122.728","122.728","122.728","122.728","-0.43%"
"Feb 17, 2021","123.254","123.254","123.254","123.254","0.35%"
"Feb 16, 2021","122.827","122.827","122.827","122.827","-0.18%"
"Feb 15, 2021","123.045","123.045","123.045","123.045","0.30%"
"Feb 12, 2021","122.681","122.681","122.681","122.681","0.34%"
"Feb 11, 2021","122.271","122.271","122.271","122.271","0.18%"
"Feb 10, 2021","122.046","122.046","122.046","122.046","-0.11%"
"Feb 09, 2021","122.186","122.186","122.186","122.186","-0.77%"
"Feb 08, 2021","123.139","123.139","123.139","123.139","0.02%"
"Feb 05, 2021","123.113","123.113","123.113","123.113","0.60%"
"Feb 04, 2021","122.381","122.381","122.381","122.381","1.28%"
"Feb 03, 2021","120.837","120.837","120.837","120.837","0.80%"
"Feb 02, 2021","119.877","119.877","119.877","119.877","2.01%"
"Feb 01, 2021","117.513","117.513","117.513","117.513","2.60%"
"Jan 29, 2021","114.540","114.540","114.540","114.540","-2.52%"
"Jan 28, 2021","117.502","117.502","117.502","117.502","1.75%"
"Jan 27, 2021","115.483","115.483","115.483","115.483","-2.66%"
"Jan 26, 2021","118.636","118.636","118.636","118.636","0.37%"
"Jan 25, 2021","118.200","118.200","118.200","118.200","-0.24%"
"Jan 22, 2021","118.489","118.489","118.489","118.489","-0.64%"
"Jan 21, 2021","119.254","119.254","119.254","119.254","-1.17%"
"Jan 20, 2021","120.671","120.671","120.671","120.671","2.11%"
"Jan 19, 2021","118.182","118.182","118.182","118.182","0.79%"
"Jan 18, 2021","117.253","117.253","117.253","117.253","0.29%"
"Jan 15, 2021","116.919","116.919","116.919","116.919","-0.92%"
"Jan 14, 2021","118.004","118.004","118.004","118.004","1.09%"
"Jan 13, 2021","116.726","116.726","116.726","116.726","0.55%"
"Jan 12, 2021","116.091","116.091","116.091","116.091","-0.34%"
"Jan 11, 2021","116.490","116.490","116.490","116.490","-0.61%"
"Jan 08, 2021","117.202","117.202","117.202","117.202","0.97%"
"Jan 07, 2021","116.072","116.072","116.072","116.072","0.68%"
"Jan 06, 2021","115.287","115.287","115.287","115.287","0.28%"
"Jan 05, 2021","114.968","114.968","114.968","114.968","1.17%"
"Jan 04, 2021","113.644","113.644","113.644","113.644","-1.44%"
"Jan 01, 2021","115.310","115.310","115.310","115.310","0.00%"
"Dec 31, 2020","115.310","115.310","115.310","115.310","-0.10%"
"Dec 30, 2020","115.423","115.423","115.423","115.423","0.02%"
"Dec 29, 2020","115.398","115.398","115.398","115.398","0.66%"
"Dec 28, 2020","114.643","114.643","114.643","114.643","1.97%"
"Dec 25, 2020","112.430","112.430","112.430","112.430","-1.06%"
"Dec 24, 2020","113.638","113.638","113.638","113.638","-0.82%"
"Dec 23, 2020","114.576","114.576","114.576","114.576","1.51%"
"Dec 22, 2020","112.870","112.870","112.870","112.870","-0.50%"
"Dec 21, 2020","113.442","113.442","113.442","113.442","-0.38%"
"Dec 18, 2020","113.872","113.872","113.872","113.872","-0.82%"
"Dec 17, 2020","114.810","114.810","114.810","114.810","0.15%"
"Dec 16, 2020","114.638","114.638","114.638","114.638","0.38%"
"Dec 15, 2020","114.200","114.200","114.200","114.200","0.77%"
"Dec 14, 2020","113.323","113.323","113.323","113.323","-0.62%"
"Dec 11, 2020","114.032","114.032","114.032","114.032","-0.56%"
"Dec 10, 2020","114.669","114.669","114.669","114.669","-0.01%"
"Dec 09, 2020","114.683","114.683","114.683","114.683","2.00%"
"Dec 08, 2020","112.430","112.430","112.430","112.430","-2.74%"
"Dec 07, 2020","115.595","115.595","115.595","115.595","-0.42%"
"Dec 04, 2020","116.083","116.083","116.083","116.083","1.15%"
"Dec 03, 2020","114.768","114.768","114.768","114.768","0.27%"
"Dec 02, 2020","114.455","114.455","114.455","114.455","1.80%"
"Dec 01, 2020","112.430","112.430","112.430","112.430","-0.41%"
"Nov 30, 2020","112.893","112.893","112.893","112.893","-2.02%"
"Nov 27, 2020","115.222","115.222","115.222","115.222","-0.13%"
"Nov 26, 2020","115.377","115.377","115.377","115.377","-0.24%"
"Nov 25, 2020","115.649","115.649","115.649","115.649","-0.61%"
"Nov 24, 2020","116.356","116.356","116.356","116.356","2.77%"
"Nov 23, 2020","113.224","113.224","113.224","113.224","0.62%"
"Nov 20, 2020","112.521","112.521","112.521","112.521","-0.34%"
"Nov 19, 2020","112.900","112.900","112.900","112.900","-0.13%"
"Nov 18, 2020","113.044","113.044","113.044","113.044","-0.50%"
"Nov 17, 2020","113.610","113.610","113.610","113.610","-0.65%"
"Nov 16, 2020","114.348","114.348","114.348","114.348","1.68%"
"Nov 13, 2020","112.458","112.458","112.458","112.458","1.37%"
"Nov 12, 2020","110.938","110.938","110.938","110.938","-1.46%"
"Nov 11, 2020","112.578","112.578","112.578","112.578","0.33%"
"Nov 10, 2020","112.207","112.207","112.207","112.207","-0.20%"
"Nov 09, 2020","112.430","112.430","112.430","112.430","7.16%"
"Nov 06, 2020","104.915","104.915","104.915","104.915","-0.40%"
"Nov 05, 2020","105.335","105.335","105.335","105.335","1.63%"
"Nov 04, 2020","103.649","103.649","103.649","103.649","2.09%"
"Nov 03, 2020","101.525","101.525","101.525","101.525","1.28%"
"Nov 02, 2020","100.245","100.245","100.245","100.245","1.44%"
"Oct 30, 2020","98.821","98.821","98.821","98.821","-0.48%"
"Oct 29, 2020","99.293","99.293","99.293","99.293","1.34%"
"Oct 28, 2020","97.978","97.978","97.978","97.978","-3.20%"
"Oct 27, 2020","101.215","101.215","101.215","101.215","-0.80%"
"Oct 26, 2020","102.034","102.034","102.034","102.034","-2.17%"
"Oct 23, 2020","104.299","104.299","104.299","104.299","0.70%"
"Oct 22, 2020","103.577","103.577","103.577","103.577","1.48%"
"Oct 21, 2020","102.065","102.065","102.065","102.065","-0.60%"
"Oct 20, 2020","102.683","102.683","102.683","102.683","0.35%"
"Oct 19, 2020","102.321","102.321","102.321","102.321","-0.83%"
"Oct 16, 2020","103.174","103.174","103.174","103.174","0.21%"
"Oct 15, 2020","102.953","102.953","102.953","102.953","-0.42%"
"Oct 14, 2020","103.390","103.390","103.390","103.390","-0.80%"
"Oct 13, 2020","104.220","104.220","104.220","104.220","-0.84%"
"Oct 12, 2020","105.105","105.105","105.105","105.105","1.09%"
"Oct 09, 2020","103.968","103.968","103.968","103.968","0.45%"
"Oct 08, 2020","103.498","103.498","103.498","103.498","0.96%"
"Oct 07, 2020","102.511","102.511","102.511","102.511","1.54%"
"Oct 06, 2020","100.956","100.956","100.956","100.956","0.84%"
"Oct 05, 2020","100.116","100.116","100.116","100.116","0.00%"
"Oct 02, 2020","100.116","100.116","100.116","100.116","0.12%"